ad_id,region,percentage
452369106076934,Gelderland,0.009484
452369106076934,North Brabant,0.045461
452369106076934,Noord-Holland,0.325907
452369106076934,Utrecht,0.139771
452369106076934,Zeeland,0.001129
452369106076934,Zuid-Holland,0.462291
452369106076934,Flevoland,0.015957
434080534526798,Noord-Holland,0.10219
434080534526798,Zuid-Holland,0.669526
434080534526798,Flevoland,0.228285
469008384231829,Drenthe,0.026699
469008384231829,Friesland,0.023463
469008384231829,Gelderland,0.06877
469008384231829,Groningen,0.037217
469008384231829,Limburg,0.048544
469008384231829,North Brabant,0.089806
469008384231829,Noord-Holland,0.245146
469008384231829,Utrecht,0.054207
469008384231829,Zeeland,0.018608
469008384231829,Zuid-Holland,0.321197
469008384231829,Overijssel,0.033172
469008384231829,Flevoland,0.033172
514936626157269,Drenthe,0.014497
514936626157269,Friesland,0.026201
514936626157269,Gelderland,0.070167
514936626157269,Groningen,0.038168
514936626157269,Limburg,0.042649
514936626157269,North Brabant,0.085561
514936626157269,Noord-Holland,0.252517
514936626157269,Utrecht,0.069798
514936626157269,Zeeland,0.015815
514936626157269,Zuid-Holland,0.332384
514936626157269,Overijssel,0.028784
514936626157269,Flevoland,0.023459
185717696425894,Drenthe,0.013049
185717696425894,Friesland,0.026098
185717696425894,Gelderland,0.079548
185717696425894,Groningen,0.041782
185717696425894,Limburg,0.038519
185717696425894,North Brabant,0.089084
185717696425894,Noord-Holland,0.252572
185717696425894,Utrecht,0.079172
185717696425894,Zeeland,0.014806
185717696425894,Zuid-Holland,0.309661
185717696425894,Overijssel,0.030238
185717696425894,Flevoland,0.025471
464840114962419,Noord-Holland,0.754354
464840114962419,Utrecht,0.046288
464840114962419,Flevoland,0.1989
464840114962419,Gelderland,0.000458
160472442564372,Noord-Holland,0.757009
160472442564372,Utrecht,0.046729
160472442564372,Flevoland,0.196262
493921641767028,Noord-Holland,0.793932
493921641767028,Utrecht,0.042984
493921641767028,Flevoland,0.163085
439208983993340,Drenthe,0.054387
439208983993340,Friesland,0.055086
439208983993340,Gelderland,0.121706
439208983993340,Groningen,0.045811
439208983993340,Limburg,0.093091
439208983993340,North Brabant,0.161202
439208983993340,Noord-Holland,0.102412
439208983993340,Utrecht,0.040592
439208983993340,Zeeland,0.026308
439208983993340,Zuid-Holland,0.204055
439208983993340,Overijssel,0.077875
439208983993340,Flevoland,0.017476
197420235514055,Drenthe,0.045962
197420235514055,Friesland,0.061064
197420235514055,Gelderland,0.12541
197420235514055,Groningen,0.041366
197420235514055,Limburg,0.089297
197420235514055,North Brabant,0.170716
197420235514055,Noord-Holland,0.10046
197420235514055,Utrecht,0.047275
197420235514055,Zeeland,0.026921
197420235514055,Zuid-Holland,0.212738
197420235514055,Overijssel,0.064347
197420235514055,Flevoland,0.014445
161461082468732,Drenthe,0.043415
161461082468732,Friesland,0.047161
161461082468732,Gelderland,0.118596
161461082468732,Groningen,0.044392
161461082468732,Limburg,0.078195
161461082468732,North Brabant,0.158834
161461082468732,Noord-Holland,0.120062
161461082468732,Utrecht,0.050012
161461082468732,Zeeland,0.027287
161461082468732,Zuid-Holland,0.229209
161461082468732,Overijssel,0.069398
161461082468732,Flevoland,0.01344
440983003627252,Drenthe,0.014111
440983003627252,Friesland,0.022376
440983003627252,Gelderland,0.070958
440983003627252,Groningen,0.035613
440983003627252,Limburg,0.040586
440983003627252,North Brabant,0.086413
440983003627252,Noord-Holland,0.263405
440983003627252,Utrecht,0.071093
440983003627252,Zeeland,0.016127
440983003627252,Zuid-Holland,0.321328
440983003627252,Overijssel,0.032187
440983003627252,Flevoland,0.025803
273580534213036,Drenthe,0.013941
273580534213036,Friesland,0.022207
273580534213036,Gelderland,0.068027
273580534213036,Groningen,0.037085
273580534213036,Limburg,0.041601
273580534213036,North Brabant,0.086977
273580534213036,Noord-Holland,0.252467
273580534213036,Utrecht,0.071432
273580534213036,Zeeland,0.015027
273580534213036,Zuid-Holland,0.337495
273580534213036,Overijssel,0.029387
273580534213036,Flevoland,0.024354
471534327532585,Drenthe,0.016263
471534327532585,Friesland,0.026046
471534327532585,Gelderland,0.075645
471534327532585,Groningen,0.040041
471534327532585,Limburg,0.044771
471534327532585,North Brabant,0.087502
471534327532585,Noord-Holland,0.260075
471534327532585,Utrecht,0.072632
471534327532585,Zeeland,0.016619
471534327532585,Zuid-Holland,0.306466
471534327532585,Overijssel,0.032331
471534327532585,Flevoland,0.021608
884442215674443,Drenthe,0.064053
884442215674443,Friesland,0.029568
884442215674443,Gelderland,0.086179
884442215674443,Groningen,0.044917
884442215674443,Limburg,0.055282
884442215674443,North Brabant,0.12093
884442215674443,Noord-Holland,0.225316
884442215674443,Utrecht,0.072093
884442215674443,Zeeland,0.017143
884442215674443,Zuid-Holland,0.221528
884442215674443,Overijssel,0.042193
884442215674443,Flevoland,0.020797
496563508187148,Drenthe,0.027416
496563508187148,Friesland,0.035617
496563508187148,Gelderland,0.111391
496563508187148,Groningen,0.036964
496563508187148,Limburg,0.074397
496563508187148,North Brabant,0.136639
496563508187148,Noord-Holland,0.175742
496563508187148,Utrecht,0.060367
496563508187148,Zeeland,0.021587
496563508187148,Zuid-Holland,0.231481
496563508187148,Overijssel,0.067836
496563508187148,Flevoland,0.020562
434618684487750,Limburg,0.088219
434618684487750,Drenthe,0.037813
434618684487750,Friesland,0.053268
434618684487750,Gelderland,0.14015
434618684487750,Groningen,0.049609
434618684487750,North Brabant,0.136828
434618684487750,Noord-Holland,0.126391
434618684487750,Utrecht,0.051954
434618684487750,Zeeland,0.026767
434618684487750,Zuid-Holland,0.16959
434618684487750,Overijssel,0.094606
434618684487750,Flevoland,0.024805
405121197940914,Drenthe,0.017779
405121197940914,Friesland,0.029568
405121197940914,Gelderland,0.084163
405121197940914,Groningen,0.039327
405121197940914,Limburg,0.049957
405121197940914,North Brabant,0.10687
405121197940914,Noord-Holland,0.209489
405121197940914,Utrecht,0.067543
405121197940914,Zeeland,0.017635
405121197940914,Zuid-Holland,0.316987
405121197940914,Overijssel,0.036525
405121197940914,Flevoland,0.024157
159004802709228,Drenthe,0.011745
159004802709228,Friesland,0.021324
159004802709228,Gelderland,0.067011
159004802709228,Groningen,0.03725
159004802709228,Limburg,0.0382
159004802709228,North Brabant,0.07602
159004802709228,Noord-Holland,0.292333
159004802709228,Utrecht,0.074727
159004802709228,Zeeland,0.012733
159004802709228,Zuid-Holland,0.321981
159004802709228,Overijssel,0.025657
159004802709228,Flevoland,0.021019
498410164668684,Drenthe,0.011856
498410164668684,Friesland,0.02271
498410164668684,Gelderland,0.067008
498410164668684,Groningen,0.026195
498410164668684,Limburg,0.044939
498410164668684,North Brabant,0.096367
498410164668684,Noord-Holland,0.224857
498410164668684,Utrecht,0.065446
498410164668684,Zeeland,0.014539
498410164668684,Zuid-Holland,0.368366
498410164668684,Overijssel,0.031361
498410164668684,Flevoland,0.026355
753787465272629,Drenthe,0.009181
753787465272629,Friesland,0.014472
753787465272629,Gelderland,0.047848
753787465272629,Groningen,0.024053
753787465272629,Limburg,0.032633
753787465272629,North Brabant,0.067496
753787465272629,Noord-Holland,0.309624
753787465272629,Utrecht,0.06292
753787465272629,Zeeland,0.010782
753787465272629,Zuid-Holland,0.375261
753787465272629,Overijssel,0.019419
753787465272629,Flevoland,0.026312
1140131763088820,Drenthe,0.005087
1140131763088820,Friesland,0.010342
1140131763088820,Gelderland,0.042776
1140131763088820,Groningen,0.023185
1140131763088820,Limburg,0.024552
1140131763088820,North Brabant,0.060812
1140131763088820,Noord-Holland,0.348622
1140131763088820,Utrecht,0.077838
1140131763088820,Zeeland,0.007462
1140131763088820,Zuid-Holland,0.357934
1140131763088820,Overijssel,0.016879
1140131763088820,Flevoland,0.02451
2620544708243458,Drenthe,0.061938
2620544708243458,Friesland,0.061991
2620544708243458,Gelderland,0.123427
2620544708243458,Groningen,0.053479
2620544708243458,Limburg,0.082954
2620544708243458,North Brabant,0.163556
2620544708243458,Noord-Holland,0.10857
2620544708243458,Utrecht,0.046791
2620544708243458,Zeeland,0.027519
2620544708243458,Zuid-Holland,0.176827
2620544708243458,Overijssel,0.075473
2620544708243458,Flevoland,0.017474
1054040385082742,Drenthe,0.060984
1054040385082742,Friesland,0.061938
1054040385082742,Gelderland,0.119124
1054040385082742,Groningen,0.05488
1054040385082742,Limburg,0.082745
1054040385082742,North Brabant,0.158503
1054040385082742,Noord-Holland,0.11524
1054040385082742,Utrecht,0.047979
1054040385082742,Zeeland,0.027431
1054040385082742,Zuid-Holland,0.177229
1054040385082742,Overijssel,0.076971
1054040385082742,Flevoland,0.016976
2851392471775631,Gelderland,0.125147
2851392471775631,Utrecht,0.053808
2851392471775631,Drenthe,0.034393
2851392471775631,Friesland,0.047004
2851392471775631,Groningen,0.044244
2851392471775631,Limburg,0.085113
2851392471775631,North Brabant,0.137952
2851392471775631,Noord-Holland,0.148639
2851392471775631,Zeeland,0.025577
2851392471775631,Zuid-Holland,0.190477
2851392471775631,Overijssel,0.084077
2851392471775631,Flevoland,0.023566
762701621312014,Drenthe,0.037044
762701621312014,Friesland,0.052248
762701621312014,Gelderland,0.129103
762701621312014,Groningen,0.049084
762701621312014,Limburg,0.081821
762701621312014,North Brabant,0.135958
762701621312014,Noord-Holland,0.141407
762701621312014,Utrecht,0.049699
762701621312014,Zeeland,0.025355
762701621312014,Zuid-Holland,0.180516
762701621312014,Overijssel,0.090258
762701621312014,Flevoland,0.027508
1685396041667746,Drenthe,0.035767
1685396041667746,Friesland,0.048136
1685396041667746,Gelderland,0.125342
1685396041667746,Groningen,0.043173
1685396041667746,Limburg,0.080456
1685396041667746,North Brabant,0.132787
1685396041667746,Noord-Holland,0.15262
1685396041667746,Utrecht,0.05824
1685396041667746,Zeeland,0.024856
1685396041667746,Zuid-Holland,0.195734
1685396041667746,Overijssel,0.080417
1685396041667746,Flevoland,0.022473
181280623800133,Drenthe,0.015974
181280623800133,Friesland,0.027157
181280623800133,Gelderland,0.113152
181280623800133,Groningen,0.03541
181280623800133,Limburg,0.069755
181280623800133,North Brabant,0.117412
181280623800133,Noord-Holland,0.210064
181280623800133,Utrecht,0.065495
181280623800133,Zeeland,0.019436
181280623800133,Zuid-Holland,0.242812
181280623800133,Overijssel,0.054313
181280623800133,Flevoland,0.02902
790652264991009,Drenthe,0.017281
790652264991009,Friesland,0.028581
790652264991009,Gelderland,0.111333
790652264991009,Groningen,0.029246
790652264991009,Limburg,0.078099
790652264991009,North Brabant,0.110668
790652264991009,Noord-Holland,0.217348
790652264991009,Utrecht,0.060818
790652264991009,Zeeland,0.025258
790652264991009,Zuid-Holland,0.240611
790652264991009,Overijssel,0.052509
790652264991009,Flevoland,0.028249
256021496236500,Gelderland,0.11828
256021496236500,North Brabant,0.150827
256021496236500,Noord-Holland,0.128813
256021496236500,Drenthe,0.049335
256021496236500,Friesland,0.052765
256021496236500,Groningen,0.04318
256021496236500,Limburg,0.080641
256021496236500,Utrecht,0.047146
256021496236500,Zeeland,0.024107
256021496236500,Zuid-Holland,0.212902
256021496236500,Overijssel,0.072311
256021496236500,Flevoland,0.019692
425251058579145,Drenthe,0.051367
425251058579145,Friesland,0.053651
425251058579145,Gelderland,0.121495
425251058579145,Groningen,0.045782
425251058579145,Limburg,0.082106
425251058579145,North Brabant,0.147714
425251058579145,Noord-Holland,0.125926
425251058579145,Utrecht,0.04566
425251058579145,Zeeland,0.024695
425251058579145,Zuid-Holland,0.207351
425251058579145,Overijssel,0.074226
425251058579145,Flevoland,0.020027
163933528793002,Gelderland,0.119599
163933528793002,Zuid-Holland,0.203008
163933528793002,Drenthe,0.050049
163933528793002,Friesland,0.05424
163933528793002,Groningen,0.045461
163933528793002,Limburg,0.084479
163933528793002,North Brabant,0.15461
163933528793002,Noord-Holland,0.124827
163933528793002,Utrecht,0.046165
163933528793002,Zeeland,0.024625
163933528793002,Overijssel,0.072978
163933528793002,Flevoland,0.019958
2257291394407091,Drenthe,0.019373
2257291394407091,Friesland,0.02952
2257291394407091,Gelderland,0.112546
2257291394407091,Groningen,0.039668
2257291394407091,Limburg,0.077491
2257291394407091,North Brabant,0.107934
2257291394407091,Noord-Holland,0.225092
2257291394407091,Utrecht,0.063653
2257291394407091,Zeeland,0.02214
2257291394407091,Zuid-Holland,0.23524
2257291394407091,Overijssel,0.04428
2257291394407091,Flevoland,0.023063
148045417184638,Drenthe,0.015358
148045417184638,Friesland,0.02446
148045417184638,Gelderland,0.075085
148045417184638,Groningen,0.0438
148045417184638,Limburg,0.040387
148045417184638,North Brabant,0.069397
148045417184638,Noord-Holland,0.328214
148045417184638,Utrecht,0.093857
148045417184638,Zeeland,0.015358
148045417184638,Zuid-Holland,0.229807
148045417184638,Overijssel,0.037543
148045417184638,Flevoland,0.026735
745381709450492,Drenthe,0.010067
745381709450492,Friesland,0.013982
745381709450492,Gelderland,0.063199
745381709450492,Groningen,0.026846
745381709450492,Limburg,0.036913
745381709450492,North Brabant,0.066555
745381709450492,Noord-Holland,0.32047
745381709450492,Utrecht,0.074944
745381709450492,Zeeland,0.005593
745381709450492,Zuid-Holland,0.304251
745381709450492,Overijssel,0.035794
745381709450492,Flevoland,0.041387
205303778052077,Drenthe,0.009841
205303778052077,Friesland,0.015309
205303778052077,Gelderland,0.060689
205303778052077,Groningen,0.027884
205303778052077,Limburg,0.033352
205303778052077,North Brabant,0.056315
205303778052077,Noord-Holland,0.371241
205303778052077,Utrecht,0.073811
205303778052077,Zeeland,0.009295
205303778052077,Zuid-Holland,0.267359
205303778052077,Overijssel,0.025697
205303778052077,Flevoland,0.049207
1914565445358269,Drenthe,0.019608
1914565445358269,Friesland,0.039216
1914565445358269,Gelderland,0.058824
1914565445358269,Limburg,0.078431
1914565445358269,North Brabant,0.186275
1914565445358269,Noord-Holland,0.176471
1914565445358269,Utrecht,0.078431
1914565445358269,Zeeland,0.009804
1914565445358269,Zuid-Holland,0.196078
1914565445358269,Overijssel,0.068627
1914565445358269,Flevoland,0.04902
1914565445358269,Groningen,0.039216
3896459897078645,Drenthe,0.018868
3896459897078645,Friesland,0.018868
3896459897078645,Gelderland,0.037736
3896459897078645,Groningen,0.037736
3896459897078645,Limburg,0.09434
3896459897078645,North Brabant,0.150943
3896459897078645,Utrecht,0.018868
3896459897078645,Zeeland,0.037736
3896459897078645,Noord-Holland,0.207547
3896459897078645,Zuid-Holland,0.301887
3896459897078645,Overijssel,0.075472
199947798594403,Drenthe,0.030303
199947798594403,Friesland,0.030303
199947798594403,Gelderland,0.090909
199947798594403,Limburg,0.121212
199947798594403,North Brabant,0.060606
199947798594403,Noord-Holland,0.151515
199947798594403,Utrecht,0.030303
199947798594403,Zuid-Holland,0.333333
199947798594403,Zeeland,0.030303
199947798594403,Groningen,0.060606
199947798594403,Flevoland,0.030303
199947798594403,Overijssel,0.030303
797779230824037,Drenthe,0.018692
797779230824037,Friesland,0.046729
797779230824037,Limburg,0.084112
797779230824037,Zeeland,0.028037
797779230824037,Gelderland,0.065421
797779230824037,Groningen,0.028037
797779230824037,Noord-Holland,0.140187
797779230824037,Utrecht,0.065421
797779230824037,Overijssel,0.065421
797779230824037,Flevoland,0.046729
797779230824037,North Brabant,0.158879
797779230824037,Zuid-Holland,0.252336
773734283551427,Utrecht,0.052336
773734283551427,Zeeland,0.024299
773734283551427,Friesland,0.054206
773734283551427,Gelderland,0.106542
773734283551427,Groningen,0.041121
773734283551427,Limburg,0.059813
773734283551427,North Brabant,0.143925
773734283551427,Noord-Holland,0.138318
773734283551427,Zuid-Holland,0.259813
773734283551427,Flevoland,0.029907
773734283551427,Drenthe,0.035514
773734283551427,Overijssel,0.054206
158778909404924,Drenthe,0.025641
158778909404924,Friesland,0.041026
158778909404924,Gelderland,0.123077
158778909404924,Groningen,0.041026
158778909404924,Limburg,0.087179
158778909404924,North Brabant,0.128205
158778909404924,Noord-Holland,0.179487
158778909404924,Utrecht,0.046154
158778909404924,Zeeland,0.030769
158778909404924,Zuid-Holland,0.215385
158778909404924,Overijssel,0.05641
158778909404924,Flevoland,0.025641
1083295822169742,Drenthe,0.032178
1083295822169742,Friesland,0.04703
1083295822169742,Gelderland,0.079208
1083295822169742,Groningen,0.049505
1083295822169742,Limburg,0.044554
1083295822169742,North Brabant,0.143564
1083295822169742,Noord-Holland,0.212871
1083295822169742,Utrecht,0.079208
1083295822169742,Zeeland,0.014851
1083295822169742,Zuid-Holland,0.210396
1083295822169742,Overijssel,0.066832
1083295822169742,Flevoland,0.019802
258685822538614,Drenthe,0.030418
258685822538614,Friesland,0.057034
258685822538614,Gelderland,0.110266
258685822538614,Groningen,0.060837
258685822538614,Limburg,0.060837
258685822538614,North Brabant,0.174905
258685822538614,Noord-Holland,0.136882
258685822538614,Utrecht,0.057034
258685822538614,Zeeland,0.007605
258685822538614,Zuid-Holland,0.235741
258685822538614,Overijssel,0.045627
258685822538614,Flevoland,0.022814
871012033753502,Drenthe,0.069231
871012033753502,Friesland,0.023077
871012033753502,Gelderland,0.130769
871012033753502,Groningen,0.023077
871012033753502,Limburg,0.076923
871012033753502,North Brabant,0.092308
871012033753502,Utrecht,0.038462
871012033753502,Zeeland,0.030769
871012033753502,Overijssel,0.061538
871012033753502,Flevoland,0.030769
871012033753502,Noord-Holland,0.238462
871012033753502,Zuid-Holland,0.184615
1706970609510987,Drenthe,0.016667
1706970609510987,Gelderland,0.116667
1706970609510987,Groningen,0.066667
1706970609510987,Limburg,0.05
1706970609510987,North Brabant,0.25
1706970609510987,Zeeland,0.016667
1706970609510987,Flevoland,0.05
1706970609510987,Friesland,0.016667
1706970609510987,Noord-Holland,0.066667
1706970609510987,Utrecht,0.05
1706970609510987,Zuid-Holland,0.266667
1706970609510987,Overijssel,0.033333
2609157206043564,Drenthe,0.048544
2609157206043564,Friesland,0.048544
2609157206043564,Limburg,0.038835
2609157206043564,Noord-Holland,0.23301
2609157206043564,Utrecht,0.029126
2609157206043564,Zeeland,0.058252
2609157206043564,Zuid-Holland,0.174757
2609157206043564,Overijssel,0.048544
2609157206043564,Flevoland,0.038835
2609157206043564,Gelderland,0.126214
2609157206043564,Groningen,0.029126
2609157206043564,North Brabant,0.126214
3309063525860912,Drenthe,0.035294
3309063525860912,Friesland,0.027451
3309063525860912,Gelderland,0.082353
3309063525860912,Groningen,0.047059
3309063525860912,Limburg,0.070588
3309063525860912,North Brabant,0.141176
3309063525860912,Noord-Holland,0.156863
3309063525860912,Utrecht,0.070588
3309063525860912,Zeeland,0.023529
3309063525860912,Zuid-Holland,0.258824
3309063525860912,Overijssel,0.066667
3309063525860912,Flevoland,0.019608
159152716051182,Friesland,0.04447
159152716051182,Gelderland,0.102623
159152716051182,Groningen,0.037628
159152716051182,North Brabant,0.153934
159152716051182,Noord-Holland,0.163056
159152716051182,Utrecht,0.04447
159152716051182,Zeeland,0.020525
159152716051182,Zuid-Holland,0.249715
159152716051182,Overijssel,0.063854
159152716051182,Flevoland,0.031927
159152716051182,Drenthe,0.019384
159152716051182,Limburg,0.068415
2088102154822704,Drenthe,0.020608
2088102154822704,Friesland,0.04318
2088102154822704,Gelderland,0.091266
2088102154822704,Groningen,0.053974
2088102154822704,Limburg,0.070658
2088102154822704,North Brabant,0.128557
2088102154822704,Noord-Holland,0.164868
2088102154822704,Utrecht,0.062807
2088102154822704,Zeeland,0.030422
2088102154822704,Zuid-Holland,0.241413
2088102154822704,Overijssel,0.069676
2088102154822704,Flevoland,0.022571
873075666575391,Drenthe,0.055097
873075666575391,Friesland,0.059215
873075666575391,Gelderland,0.124777
873075666575391,Groningen,0.049763
873075666575391,Limburg,0.080409
873075666575391,North Brabant,0.162955
873075666575391,Noord-Holland,0.113957
873075666575391,Utrecht,0.046034
873075666575391,Zeeland,0.026541
873075666575391,Zuid-Holland,0.184866
873075666575391,Overijssel,0.077353
873075666575391,Flevoland,0.019034
721914955355600,Drenthe,0.052162
721914955355600,Friesland,0.052705
721914955355600,Gelderland,0.113146
721914955355600,Groningen,0.04753
721914955355600,Limburg,0.074349
721914955355600,North Brabant,0.155211
721914955355600,Noord-Holland,0.130399
721914955355600,Utrecht,0.045612
721914955355600,Zeeland,0.026781
721914955355600,Zuid-Holland,0.21251
721914955355600,Overijssel,0.070008
721914955355600,Flevoland,0.019588
435655820852322,Drenthe,0.055559
435655820852322,Friesland,0.056549
435655820852322,Gelderland,0.122564
435655820852322,Groningen,0.0503
435655820852322,Limburg,0.079688
435655820852322,North Brabant,0.163429
435655820852322,Noord-Holland,0.114366
435655820852322,Utrecht,0.044484
435655820852322,Zeeland,0.0258
435655820852322,Zuid-Holland,0.194147
435655820852322,Overijssel,0.074522
435655820852322,Flevoland,0.018592
459536448503094,Drenthe,0.059669
459536448503094,Friesland,0.057819
459536448503094,Gelderland,0.12332
459536448503094,Groningen,0.0495
459536448503094,Limburg,0.080881
459536448503094,North Brabant,0.15291
459536448503094,Noord-Holland,0.117813
459536448503094,Utrecht,0.042972
459536448503094,Zeeland,0.026867
459536448503094,Zuid-Holland,0.193647
459536448503094,Overijssel,0.074442
459536448503094,Flevoland,0.020161
262446765430350,Drenthe,0.058134
262446765430350,Friesland,0.057979
262446765430350,Gelderland,0.121249
262446765430350,Groningen,0.051351
262446765430350,Limburg,0.077954
262446765430350,North Brabant,0.149891
262446765430350,Noord-Holland,0.120203
262446765430350,Utrecht,0.047717
262446765430350,Zeeland,0.027006
262446765430350,Zuid-Holland,0.199689
262446765430350,Overijssel,0.071347
262446765430350,Flevoland,0.01748
1418204818522495,Drenthe,0.055863
1418204818522495,Friesland,0.060431
1418204818522495,Gelderland,0.122528
1418204818522495,Groningen,0.049663
1418204818522495,Limburg,0.078263
1418204818522495,North Brabant,0.153103
1418204818522495,Noord-Holland,0.122312
1418204818522495,Utrecht,0.045365
1418204818522495,Zeeland,0.026272
1418204818522495,Zuid-Holland,0.192439
1418204818522495,Overijssel,0.074707
1418204818522495,Flevoland,0.019054
290799419128600,Drenthe,0.065261
290799419128600,Friesland,0.065986
290799419128600,Gelderland,0.124359
290799419128600,Groningen,0.056663
290799419128600,Limburg,0.077226
290799419128600,North Brabant,0.159761
290799419128600,Noord-Holland,0.103771
290799419128600,Utrecht,0.038872
290799419128600,Zeeland,0.030093
290799419128600,Zuid-Holland,0.177241
290799419128600,Overijssel,0.082276
290799419128600,Flevoland,0.018491
177437247518702,Drenthe,0.061981
177437247518702,Friesland,0.060481
177437247518702,Gelderland,0.129306
177437247518702,Groningen,0.052599
177437247518702,Limburg,0.077361
177437247518702,North Brabant,0.159874
177437247518702,Noord-Holland,0.10839
177437247518702,Utrecht,0.046563
177437247518702,Zeeland,0.027684
177437247518702,Zuid-Holland,0.1756
177437247518702,Overijssel,0.08259
177437247518702,Flevoland,0.017572
252384759934645,Drenthe,0.065794
252384759934645,Friesland,0.06522
252384759934645,Gelderland,0.127954
252384759934645,Groningen,0.052545
252384759934645,Limburg,0.081895
252384759934645,North Brabant,0.155287
252384759934645,Noord-Holland,0.107124
252384759934645,Utrecht,0.042077
252384759934645,Zeeland,0.027959
252384759934645,Zuid-Holland,0.176743
252384759934645,Overijssel,0.080156
252384759934645,Flevoland,0.017248
268812048107634,Drenthe,0.055273
268812048107634,Friesland,0.059254
268812048107634,Gelderland,0.124071
268812048107634,Groningen,0.050164
268812048107634,Limburg,0.078008
268812048107634,North Brabant,0.157942
268812048107634,Noord-Holland,0.119821
268812048107634,Utrecht,0.048259
268812048107634,Zeeland,0.027075
268812048107634,Zuid-Holland,0.183914
268812048107634,Overijssel,0.077759
268812048107634,Flevoland,0.018459
516133683110923,Drenthe,0.059436
516133683110923,Friesland,0.061381
516133683110923,Gelderland,0.124222
516133683110923,Groningen,0.057977
516133683110923,Limburg,0.075195
516133683110923,North Brabant,0.14144
516133683110923,Noord-Holland,0.122568
516133683110923,Utrecht,0.048638
516133683110923,Zeeland,0.027918
516133683110923,Zuid-Holland,0.186868
516133683110923,Overijssel,0.07607
516133683110923,Flevoland,0.018288
718537485500377,Drenthe,0.065063
718537485500377,Friesland,0.067288
718537485500377,Gelderland,0.126651
718537485500377,Groningen,0.057046
718537485500377,Limburg,0.085824
718537485500377,North Brabant,0.152926
718537485500377,Noord-Holland,0.100329
718537485500377,Utrecht,0.043051
718537485500377,Zeeland,0.029241
718537485500377,Zuid-Holland,0.178646
718537485500377,Overijssel,0.077714
718537485500377,Flevoland,0.016219
111190524270654,Drenthe,0.060697
111190524270654,Friesland,0.061335
111190524270654,Gelderland,0.12327
111190524270654,Groningen,0.050951
111190524270654,Limburg,0.080649
111190524270654,North Brabant,0.154996
111190524270654,Noord-Holland,0.112363
111190524270654,Utrecht,0.043578
111190524270654,Zeeland,0.027938
111190524270654,Zuid-Holland,0.1893
111190524270654,Overijssel,0.075929
111190524270654,Flevoland,0.018995
1926526987499174,Drenthe,0.042871
1926526987499174,Friesland,0.04033
1926526987499174,Gelderland,0.09638
1926526987499174,Groningen,0.045094
1926526987499174,Limburg,0.069546
1926526987499174,North Brabant,0.149095
1926526987499174,Noord-Holland,0.1537
1926526987499174,Utrecht,0.058114
1926526987499174,Zeeland,0.023182
1926526987499174,Zuid-Holland,0.232137
1926526987499174,Overijssel,0.067005
1926526987499174,Flevoland,0.022547
292482638891362,Drenthe,0.057149
292482638891362,Friesland,0.058072
292482638891362,Gelderland,0.122891
292482638891362,Groningen,0.050401
292482638891362,Limburg,0.077144
292482638891362,North Brabant,0.152127
292482638891362,Noord-Holland,0.127849
292482638891362,Utrecht,0.047826
292482638891362,Zeeland,0.025366
292482638891362,Zuid-Holland,0.186554
292482638891362,Overijssel,0.0768
292482638891362,Flevoland,0.01782
1072283186598803,Drenthe,0.011708
1072283186598803,Friesland,0.016333
1072283186598803,Gelderland,0.075811
1072283186598803,Groningen,0.026957
1072283186598803,Limburg,0.057671
1072283186598803,North Brabant,0.081231
1072283186598803,Noord-Holland,0.313363
1072283186598803,Utrecht,0.07133
1072283186598803,Zeeland,0.011925
1072283186598803,Overijssel,0.03693
1072283186598803,Flevoland,0.039459
1072283186598803,Zuid-Holland,0.257281
233880915112828,Drenthe,0.057907
233880915112828,Friesland,0.059251
233880915112828,Gelderland,0.119959
233880915112828,Groningen,0.053034
233880915112828,Limburg,0.081032
233880915112828,North Brabant,0.151247
233880915112828,Noord-Holland,0.123887
233880915112828,Utrecht,0.046567
233880915112828,Zeeland,0.027109
233880915112828,Zuid-Holland,0.187943
233880915112828,Overijssel,0.073278
233880915112828,Flevoland,0.018786
752529078578546,Drenthe,0.032893
752529078578546,Friesland,0.042679
752529078578546,Gelderland,0.130165
752529078578546,Groningen,0.041399
752529078578546,Limburg,0.080733
752529078578546,North Brabant,0.139497
752529078578546,Noord-Holland,0.145159
752529078578546,Utrecht,0.055987
752529078578546,Zeeland,0.026798
752529078578546,Zuid-Holland,0.200448
752529078578546,Overijssel,0.080354
752529078578546,Flevoland,0.023886
502975984424730,Drenthe,0.031347
502975984424730,Friesland,0.038339
502975984424730,Gelderland,0.107975
502975984424730,Groningen,0.029574
502975984424730,Limburg,0.065266
502975984424730,North Brabant,0.138573
502975984424730,Noord-Holland,0.171027
502975984424730,Utrecht,0.056335
502975984424730,Zeeland,0.02299
502975984424730,Zuid-Holland,0.245391
502975984424730,Overijssel,0.063252
502975984424730,Flevoland,0.029932
430806661516423,Drenthe,0.036105
430806661516423,Friesland,0.045382
430806661516423,Gelderland,0.111154
430806661516423,Groningen,0.040268
430806661516423,Limburg,0.07564
430806661516423,North Brabant,0.12832
430806661516423,Noord-Holland,0.166647
430806661516423,Utrecht,0.060312
430806661516423,Zeeland,0.022922
430806661516423,Zuid-Holland,0.212209
430806661516423,Overijssel,0.073751
430806661516423,Flevoland,0.027291
517763769234708,Drenthe,0.055754
517763769234708,Friesland,0.057673
517763769234708,Gelderland,0.118506
517763769234708,Groningen,0.049944
517763769234708,Limburg,0.080471
517763769234708,North Brabant,0.150358
517763769234708,Noord-Holland,0.123637
517763769234708,Utrecht,0.045408
517763769234708,Zeeland,0.028607
517763769234708,Zuid-Holland,0.197041
517763769234708,Overijssel,0.07213
517763769234708,Flevoland,0.02047
245193893730507,Gelderland,0.119767
245193893730507,Drenthe,0.054467
245193893730507,Friesland,0.060334
245193893730507,Groningen,0.050449
245193893730507,Limburg,0.074543
245193893730507,North Brabant,0.153279
245193893730507,Noord-Holland,0.127817
245193893730507,Utrecht,0.048182
245193893730507,Zeeland,0.026675
245193893730507,Zuid-Holland,0.190558
245193893730507,Overijssel,0.075311
245193893730507,Flevoland,0.018618
1749778595182667,Drenthe,0.0393
1749778595182667,Friesland,0.044232
1749778595182667,Gelderland,0.102625
1749778595182667,Groningen,0.036595
1749778595182667,Limburg,0.071758
1749778595182667,North Brabant,0.141607
1749778595182667,Noord-Holland,0.137947
1749778595182667,Utrecht,0.061416
1749778595182667,Zeeland,0.029753
1749778595182667,Zuid-Holland,0.244232
1749778595182667,Overijssel,0.065712
1749778595182667,Flevoland,0.024821
473644243821356,Drenthe,0.007364
473644243821356,Friesland,0.014416
473644243821356,Gelderland,0.067534
473644243821356,Groningen,0.034159
473644243821356,Limburg,0.033688
473644243821356,North Brabant,0.069571
473644243821356,Noord-Holland,0.353808
473644243821356,Utrecht,0.083516
473644243821356,Zeeland,0.009088
473644243821356,Zuid-Holland,0.271075
473644243821356,Overijssel,0.02413
473644243821356,Flevoland,0.031652
1062916080867502,Drenthe,0.031833
1062916080867502,Friesland,0.038272
1062916080867502,Gelderland,0.103562
1062916080867502,Groningen,0.038452
1062916080867502,Limburg,0.077928
1062916080867502,North Brabant,0.110543
1062916080867502,Noord-Holland,0.194307
1062916080867502,Utrecht,0.058972
1062916080867502,Zeeland,0.019617
1062916080867502,Zuid-Holland,0.240583
1062916080867502,Overijssel,0.062342
1062916080867502,Flevoland,0.023589
789779101744942,Drenthe,0.024084
789779101744942,Friesland,0.03196
789779101744942,Gelderland,0.096789
789779101744942,Groningen,0.033626
789779101744942,Limburg,0.088004
789779101744942,North Brabant,0.143896
789779101744942,Noord-Holland,0.178582
789779101744942,Utrecht,0.060891
789779101744942,Zeeland,0.019388
789779101744942,Zuid-Holland,0.248561
789779101744942,Overijssel,0.048773
789779101744942,Flevoland,0.025447
788866955066022,Drenthe,0.035796
788866955066022,Friesland,0.036881
788866955066022,Gelderland,0.10362
788866955066022,Groningen,0.042875
788866955066022,Limburg,0.066168
788866955066022,North Brabant,0.147008
788866955066022,Noord-Holland,0.171158
788866955066022,Utrecht,0.057262
788866955066022,Zeeland,0.017812
788866955066022,Zuid-Holland,0.240466
788866955066022,Overijssel,0.05652
788866955066022,Flevoland,0.024435
128434762541243,Drenthe,0.043037
128434762541243,Friesland,0.046286
128434762541243,Gelderland,0.122799
128434762541243,Groningen,0.043552
128434762541243,Limburg,0.077028
128434762541243,North Brabant,0.146
128434762541243,Noord-Holland,0.143819
128434762541243,Utrecht,0.053035
128434762541243,Zeeland,0.027325
128434762541243,Zuid-Holland,0.19713
128434762541243,Overijssel,0.076912
128434762541243,Flevoland,0.023079
241295571033200,Drenthe,0.036496
241295571033200,Friesland,0.041185
241295571033200,Gelderland,0.105288
241295571033200,Groningen,0.037075
241295571033200,Limburg,0.066723
241295571033200,North Brabant,0.1508
241295571033200,Noord-Holland,0.148822
241295571033200,Utrecht,0.054085
241295571033200,Zeeland,0.025728
241295571033200,Zuid-Holland,0.244607
241295571033200,Overijssel,0.065359
241295571033200,Flevoland,0.023831
273401197516801,Drenthe,0.017575
273401197516801,Friesland,0.022418
273401197516801,Gelderland,0.100766
273401197516801,Groningen,0.03351
273401197516801,Limburg,0.05296
273401197516801,North Brabant,0.134745
273401197516801,Noord-Holland,0.216529
273401197516801,Utrecht,0.07366
273401197516801,Zeeland,0.023981
273401197516801,Zuid-Holland,0.254023
273401197516801,Overijssel,0.047571
273401197516801,Flevoland,0.022262
750142592542761,Drenthe,0.017886
750142592542761,Friesland,0.023595
750142592542761,Gelderland,0.095683
750142592542761,Groningen,0.032348
750142592542761,Limburg,0.055507
750142592542761,North Brabant,0.126944
750142592542761,Noord-Holland,0.2198
750142592542761,Utrecht,0.068011
750142592542761,Zeeland,0.021746
750142592542761,Zuid-Holland,0.265032
750142592542761,Overijssel,0.049092
750142592542761,Flevoland,0.024356
765344590854757,Drenthe,0.016226
765344590854757,Friesland,0.023465
765344590854757,Gelderland,0.100849
765344590854757,Groningen,0.032451
765344590854757,Limburg,0.056629
765344590854757,North Brabant,0.126204
765344590854757,Noord-Holland,0.22099
765344590854757,Utrecht,0.069681
765344590854757,Zeeland,0.021646
765344590854757,Zuid-Holland,0.26011
765344590854757,Overijssel,0.048249
765344590854757,Flevoland,0.023465
765344590854757,Unknown,3.6E-5
354400219065904,Gelderland,0.055556
354400219065904,Groningen,0.194444
354400219065904,Limburg,0.055556
354400219065904,North Brabant,0.027778
354400219065904,Noord-Holland,0.222222
354400219065904,Utrecht,0.083333
354400219065904,Zuid-Holland,0.333333
354400219065904,Flevoland,0.027778
283176796715341,Friesland,0.02214
283176796715341,Gelderland,0.0369
283176796715341,Groningen,0.03321
283176796715341,Limburg,0.02214
283176796715341,North Brabant,0.062731
283176796715341,Noord-Holland,0.372694
283176796715341,Utrecht,0.059041
283176796715341,Zeeland,0.01845
283176796715341,Zuid-Holland,0.317343
283176796715341,Overijssel,0.02952
283176796715341,Flevoland,0.02583
4290253567669118,Drenthe,0.011222
4290253567669118,Gelderland,0.081047
4290253567669118,Groningen,0.044888
4290253567669118,Limburg,0.052369
4290253567669118,Noord-Holland,0.301746
4290253567669118,Zeeland,0.009975
4290253567669118,Zuid-Holland,0.284289
4290253567669118,Flevoland,0.027431
4290253567669118,Friesland,0.021197
4290253567669118,North Brabant,0.081047
4290253567669118,Utrecht,0.061097
4290253567669118,Overijssel,0.023691
433739184360009,Drenthe,0.015625
433739184360009,Friesland,0.021635
433739184360009,Gelderland,0.081731
433739184360009,Groningen,0.05649
433739184360009,Limburg,0.052885
433739184360009,North Brabant,0.114183
433739184360009,Noord-Holland,0.222356
433739184360009,Utrecht,0.076923
433739184360009,Zeeland,0.012019
433739184360009,Zuid-Holland,0.27524
433739184360009,Overijssel,0.044471
433739184360009,Flevoland,0.026442
923843921684891,Drenthe,0.017555
923843921684891,Friesland,0.025215
923843921684891,Gelderland,0.075008
923843921684891,Groningen,0.033514
923843921684891,Limburg,0.064156
923843921684891,North Brabant,0.108841
923843921684891,Noord-Holland,0.243217
923843921684891,Utrecht,0.059049
923843921684891,Zeeland,0.020109
923843921684891,Zuid-Holland,0.283115
923843921684891,Overijssel,0.041175
923843921684891,Flevoland,0.029046
160884692433319,Drenthe,0.014388
160884692433319,Friesland,0.025816
160884692433319,Gelderland,0.07644
160884692433319,Groningen,0.033868
160884692433319,Limburg,0.049263
160884692433319,North Brabant,0.104565
160884692433319,Noord-Holland,0.236841
160884692433319,Utrecht,0.064717
160884692433319,Zeeland,0.019184
160884692433319,Zuid-Holland,0.311149
160884692433319,Overijssel,0.035289
160884692433319,Flevoland,0.02848
156089539665609,Drenthe,0.004494
156089539665609,Friesland,0.008989
156089539665609,Gelderland,0.065169
156089539665609,Groningen,0.044944
156089539665609,Limburg,0.022472
156089539665609,North Brabant,0.103371
156089539665609,Noord-Holland,0.296629
156089539665609,Utrecht,0.07191
156089539665609,Zeeland,0.01573
156089539665609,Zuid-Holland,0.323596
156089539665609,Overijssel,0.017978
156089539665609,Flevoland,0.024719
135661415122473,Drenthe,0.011269
135661415122473,Friesland,0.018667
135661415122473,Gelderland,0.057038
135661415122473,Groningen,0.029038
135661415122473,Limburg,0.038648
135661415122473,North Brabant,0.078678
135661415122473,Noord-Holland,0.321419
135661415122473,Utrecht,0.0625
135661415122473,Zeeland,0.012583
135661415122473,Zuid-Holland,0.316856
135661415122473,Overijssel,0.024129
135661415122473,Flevoland,0.029176
535329127457213,Drenthe,0.01016
535329127457213,Friesland,0.016608
535329127457213,Gelderland,0.056858
535329127457213,Groningen,0.036538
535329127457213,Limburg,0.037319
535329127457213,North Brabant,0.078156
535329127457213,Noord-Holland,0.309105
535329127457213,Utrecht,0.069754
535329127457213,Zeeland,0.014263
535329127457213,Zuid-Holland,0.313794
535329127457213,Overijssel,0.028527
535329127457213,Flevoland,0.028918
1337500989983175,Drenthe,0.04072
1337500989983175,Friesland,0.045455
1337500989983175,Gelderland,0.130682
1337500989983175,Groningen,0.041667
1337500989983175,Limburg,0.061553
1337500989983175,North Brabant,0.117424
1337500989983175,Noord-Holland,0.16572
1337500989983175,Utrecht,0.042614
1337500989983175,Zeeland,0.025568
1337500989983175,Zuid-Holland,0.232955
1337500989983175,Overijssel,0.078598
1337500989983175,Flevoland,0.017045
340094737397081,Drenthe,0.020202
340094737397081,Friesland,0.02886
340094737397081,Gelderland,0.109668
340094737397081,Groningen,0.047619
340094737397081,Limburg,0.083694
340094737397081,North Brabant,0.131313
340094737397081,Noord-Holland,0.203463
340094737397081,Utrecht,0.067821
340094737397081,Zeeland,0.025974
340094737397081,Zuid-Holland,0.18759
340094737397081,Overijssel,0.07215
340094737397081,Flevoland,0.021645
2726085587608659,Drenthe,0.018125
2726085587608659,Friesland,0.029014
2726085587608659,Gelderland,0.075861
2726085587608659,Groningen,0.03318
2726085587608659,Limburg,0.052547
2726085587608659,North Brabant,0.110356
2726085587608659,Noord-Holland,0.212234
2726085587608659,Utrecht,0.055763
2726085587608659,Zeeland,0.019513
2726085587608659,Zuid-Holland,0.331945
2726085587608659,Overijssel,0.031645
2726085587608659,Flevoland,0.029818
272053837625276,Drenthe,0.011783
272053837625276,Friesland,0.020549
272053837625276,Gelderland,0.059132
272053837625276,Groningen,0.033266
272053837625276,Limburg,0.035925
272053837625276,North Brabant,0.080974
272053837625276,Noord-Holland,0.297385
272053837625276,Utrecht,0.061
272053837625276,Zeeland,0.013651
272053837625276,Zuid-Holland,0.330507
272053837625276,Overijssel,0.025794
272053837625276,Flevoland,0.030033
910315836394452,Drenthe,0.023591
910315836394452,Friesland,0.035033
910315836394452,Gelderland,0.101144
910315836394452,Groningen,0.050431
910315836394452,Limburg,0.067524
910315836394452,North Brabant,0.106795
910315836394452,Noord-Holland,0.230824
910315836394452,Utrecht,0.074869
910315836394452,Zeeland,0.022037
910315836394452,Zuid-Holland,0.213872
910315836394452,Overijssel,0.050855
910315836394452,Flevoland,0.023026
918016288942899,Drenthe,0.023899
918016288942899,Friesland,0.044025
918016288942899,Gelderland,0.103145
918016288942899,Groningen,0.043396
918016288942899,Limburg,0.062893
918016288942899,North Brabant,0.098113
918016288942899,Noord-Holland,0.243396
918016288942899,Utrecht,0.062893
918016288942899,Zeeland,0.016981
918016288942899,Zuid-Holland,0.234591
918016288942899,Overijssel,0.041509
918016288942899,Flevoland,0.025157
2870595566524731,Unknown,3.7E-5
2870595566524731,Flevoland,0.034538
2870595566524731,Drenthe,0.015409
2870595566524731,Friesland,0.020851
2870595566524731,Gelderland,0.080565
2870595566524731,Groningen,0.024681
2870595566524731,Limburg,0.042839
2870595566524731,North Brabant,0.100702
2870595566524731,Noord-Holland,0.27169
2870595566524731,Utrecht,0.068582
2870595566524731,Zeeland,0.016417
2870595566524731,Zuid-Holland,0.282372
2870595566524731,Overijssel,0.041318
1754404588071161,Drenthe,0.023516
1754404588071161,Friesland,0.030859
1754404588071161,Gelderland,0.105955
1754404588071161,Groningen,0.040454
1754404588071161,Limburg,0.063519
1754404588071161,North Brabant,0.120687
1754404588071161,Noord-Holland,0.210199
1754404588071161,Utrecht,0.074962
1754404588071161,Zeeland,0.021984
1754404588071161,Zuid-Holland,0.225381
1754404588071161,Overijssel,0.056852
1754404588071161,Flevoland,0.025633
132009785501002,Noord-Holland,0.224338
132009785501002,Flevoland,0.026061
132009785501002,Drenthe,0.020464
132009785501002,Friesland,0.025189
132009785501002,Gelderland,0.099775
132009785501002,Groningen,0.037293
132009785501002,Limburg,0.056884
132009785501002,North Brabant,0.122528
132009785501002,Utrecht,0.078366
132009785501002,Zeeland,0.019264
132009785501002,Zuid-Holland,0.237424
132009785501002,Overijssel,0.052413
813914585890848,Friesland,0.029022
813914585890848,Limburg,0.054125
813914585890848,North Brabant,0.117886
813914585890848,Noord-Holland,0.223373
813914585890848,Utrecht,0.071107
813914585890848,Zuid-Holland,0.25355
813914585890848,Drenthe,0.017947
813914585890848,Gelderland,0.103101
813914585890848,Groningen,0.035459
813914585890848,Zeeland,0.01878
813914585890848,Overijssel,0.052251
813914585890848,Flevoland,0.023399
780308919556722,Drenthe,0.034118
780308919556722,Friesland,0.098961
780308919556722,Gelderland,0.106627
780308919556722,Groningen,0.047567
780308919556722,Limburg,0.064127
780308919556722,North Brabant,0.110161
780308919556722,Noord-Holland,0.161335
780308919556722,Utrecht,0.06402
780308919556722,Zeeland,0.019362
780308919556722,Zuid-Holland,0.188436
780308919556722,Overijssel,0.086245
780308919556722,Flevoland,0.01904
418125486155439,Drenthe,0.020551
418125486155439,Friesland,0.028825
418125486155439,Gelderland,0.10596
418125486155439,Groningen,0.0326
418125486155439,Limburg,0.054448
418125486155439,North Brabant,0.137606
418125486155439,Noord-Holland,0.191749
418125486155439,Utrecht,0.077287
418125486155439,Zeeland,0.019713
418125486155439,Zuid-Holland,0.248103
418125486155439,Overijssel,0.058909
418125486155439,Flevoland,0.02425
530686101236019,Drenthe,0.024414
530686101236019,Friesland,0.029877
530686101236019,Gelderland,0.112509
530686101236019,Groningen,0.032723
530686101236019,Limburg,0.062201
530686101236019,North Brabant,0.13863
530686101236019,Noord-Holland,0.18188
530686101236019,Utrecht,0.069201
530686101236019,Zeeland,0.022194
530686101236019,Zuid-Holland,0.2397
530686101236019,Overijssel,0.063681
530686101236019,Flevoland,0.022991
442821523499182,Drenthe,0.022086
442821523499182,Friesland,0.056484
442821523499182,Gelderland,0.0995
442821523499182,Groningen,0.033614
442821523499182,Limburg,0.061148
442821523499182,North Brabant,0.129011
442821523499182,Noord-Holland,0.190494
442821523499182,Utrecht,0.067117
442821523499182,Zeeland,0.019139
442821523499182,Zuid-Holland,0.231048
442821523499182,Overijssel,0.065848
442821523499182,Flevoland,0.024511
206569454585112,Drenthe,0.020624
206569454585112,Friesland,0.033608
206569454585112,Gelderland,0.099675
206569454585112,Groningen,0.029808
206569454585112,Limburg,0.055023
206569454585112,North Brabant,0.144327
206569454585112,Noord-Holland,0.186961
206569454585112,Utrecht,0.068957
206569454585112,Zeeland,0.019753
206569454585112,Zuid-Holland,0.258293
206569454585112,Overijssel,0.059853
206569454585112,Flevoland,0.023118
3885835218145915,Drenthe,0.019565
3885835218145915,Friesland,0.034717
3885835218145915,Gelderland,0.102823
3885835218145915,Groningen,0.030624
3885835218145915,Limburg,0.05928
3885835218145915,North Brabant,0.138444
3885835218145915,Noord-Holland,0.183423
3885835218145915,Utrecht,0.072306
3885835218145915,Zeeland,0.019831
3885835218145915,Zuid-Holland,0.252113
3885835218145915,Overijssel,0.062949
3885835218145915,Flevoland,0.023925
742493976626177,Drenthe,0.036481
742493976626177,Friesland,0.109633
742493976626177,Gelderland,0.109443
742493976626177,Groningen,0.052252
742493976626177,Limburg,0.069732
742493976626177,North Brabant,0.104313
742493976626177,Noord-Holland,0.1635
742493976626177,Utrecht,0.056622
742493976626177,Zeeland,0.021851
742493976626177,Zuid-Holland,0.177845
742493976626177,Overijssel,0.080182
742493976626177,Flevoland,0.018146
2702303613227960,Drenthe,0.02633
2702303613227960,Friesland,0.027894
2702303613227960,Gelderland,0.087331
2702303613227960,Groningen,0.0378
2702303613227960,Limburg,0.064651
2702303613227960,North Brabant,0.124088
2702303613227960,Noord-Holland,0.232534
2702303613227960,Utrecht,0.055266
2702303613227960,Zeeland,0.016163
2702303613227960,Zuid-Holland,0.245829
2702303613227960,Overijssel,0.052398
2702303613227960,Flevoland,0.029718
2689283621384359,Drenthe,0.022624
2689283621384359,Friesland,0.031282
2689283621384359,Gelderland,0.105111
2689283621384359,Groningen,0.034261
2689283621384359,Limburg,0.058654
2689283621384359,North Brabant,0.144679
2689283621384359,Noord-Holland,0.200819
2689283621384359,Utrecht,0.065823
2689283621384359,Zeeland,0.020389
2689283621384359,Zuid-Holland,0.235825
2689283621384359,Overijssel,0.05735
2689283621384359,Flevoland,0.023182
513270562972583,Drenthe,0.026884
513270562972583,Friesland,0.03572
513270562972583,Gelderland,0.105141
513270562972583,Groningen,0.036851
513270562972583,Limburg,0.063941
513270562972583,North Brabant,0.132676
513270562972583,Noord-Holland,0.189253
513270562972583,Utrecht,0.068222
513270562972583,Zeeland,0.017055
513270562972583,Zuid-Holland,0.24107
513270562972583,Overijssel,0.059077
513270562972583,Flevoland,0.02411
261049335485154,Drenthe,0.019585
261049335485154,Friesland,0.026113
261049335485154,Gelderland,0.098231
261049335485154,Groningen,0.030445
261049335485154,Limburg,0.052105
261049335485154,North Brabant,0.141977
261049335485154,Noord-Holland,0.204149
261049335485154,Utrecht,0.065345
261049335485154,Zeeland,0.019768
261049335485154,Zuid-Holland,0.261684
261049335485154,Overijssel,0.055522
261049335485154,Flevoland,0.025076
252203373045829,Drenthe,0.025078
252203373045829,Friesland,0.020376
252203373045829,Gelderland,0.098746
252203373045829,Groningen,0.021944
252203373045829,Limburg,0.047022
252203373045829,North Brabant,0.144201
252203373045829,Noord-Holland,0.222571
252203373045829,Utrecht,0.083072
252203373045829,Zeeland,0.021944
252203373045829,Zuid-Holland,0.23511
252203373045829,Overijssel,0.043887
252203373045829,Flevoland,0.03605
3768938236520616,Drenthe,0.015038
3768938236520616,Friesland,0.025825
3768938236520616,Gelderland,0.092514
3768938236520616,Groningen,0.033344
3768938236520616,Limburg,0.041517
3768938236520616,North Brabant,0.124224
3768938236520616,Noord-Holland,0.227525
3768938236520616,Utrecht,0.076496
3768938236520616,Zeeland,0.019287
3768938236520616,Zuid-Holland,0.266754
3768938236520616,Overijssel,0.049363
3768938236520616,Flevoland,0.028114
245062727311897,Drenthe,0.019374
245062727311897,Friesland,0.022851
245062727311897,Gelderland,0.090412
245062727311897,Groningen,0.03229
245062727311897,Limburg,0.042226
245062727311897,North Brabant,0.121709
245062727311897,Noord-Holland,0.232986
245062727311897,Utrecht,0.077
245062727311897,Zeeland,0.017884
245062727311897,Zuid-Holland,0.273721
245062727311897,Overijssel,0.041729
245062727311897,Flevoland,0.027819
804143807172361,Drenthe,0.054623
804143807172361,Friesland,0.057287
804143807172361,Gelderland,0.117851
804143807172361,Groningen,0.050125
804143807172361,Limburg,0.080642
804143807172361,North Brabant,0.1378
804143807172361,Noord-Holland,0.133267
804143807172361,Utrecht,0.042399
804143807172361,Zeeland,0.027418
804143807172361,Zuid-Holland,0.202197
804143807172361,Overijssel,0.073966
804143807172361,Flevoland,0.022425
4994586973945152,Drenthe,0.028369
4994586973945152,Friesland,0.049645
4994586973945152,Gelderland,0.106383
4994586973945152,Groningen,0.06383
4994586973945152,Limburg,0.099291
4994586973945152,North Brabant,0.092199
4994586973945152,Noord-Holland,0.141844
4994586973945152,Utrecht,0.028369
4994586973945152,Zeeland,0.028369
4994586973945152,Zuid-Holland,0.255319
4994586973945152,Overijssel,0.092199
4994586973945152,Flevoland,0.014184
1112940012552161,Drenthe,0.031808
1112940012552161,Friesland,0.042629
1112940012552161,Gelderland,0.095588
1112940012552161,Groningen,0.039337
1112940012552161,Limburg,0.070145
1112940012552161,North Brabant,0.121067
1112940012552161,Noord-Holland,0.184865
1112940012552161,Utrecht,0.05576
1112940012552161,Zeeland,0.018896
1112940012552161,Zuid-Holland,0.239443
1112940012552161,Overijssel,0.068272
1112940012552161,Flevoland,0.03219
2414952191962195,Drenthe,0.031636
2414952191962195,Friesland,0.044037
2414952191962195,Gelderland,0.095568
2414952191962195,Groningen,0.042001
2414952191962195,Limburg,0.072033
2414952191962195,North Brabant,0.122419
2414952191962195,Noord-Holland,0.181876
2414952191962195,Utrecht,0.058527
2414952191962195,Zeeland,0.019761
2414952191962195,Zuid-Holland,0.23334
2414952191962195,Overijssel,0.066318
2414952191962195,Flevoland,0.032485
767034724195057,Drenthe,0.005363
767034724195057,Friesland,0.015155
767034724195057,Gelderland,0.072977
767034724195057,Groningen,0.04803
767034724195057,Limburg,0.035673
767034724195057,North Brabant,0.066682
767034724195057,Noord-Holland,0.354162
767034724195057,Utrecht,0.106085
767034724195057,Zeeland,0.009326
767034724195057,Zuid-Holland,0.245279
767034724195057,Overijssel,0.023549
767034724195057,Flevoland,0.01772
449376959516846,Drenthe,0.018898
449376959516846,Friesland,0.022474
449376959516846,Gelderland,0.091428
449376959516846,Groningen,0.030646
449376959516846,Limburg,0.052694
449376959516846,North Brabant,0.114157
449376959516846,Noord-Holland,0.245084
449376959516846,Utrecht,0.07304
449376959516846,Zeeland,0.018984
449376959516846,Zuid-Holland,0.250787
449376959516846,Overijssel,0.047076
449376959516846,Flevoland,0.034732
1801395853354291,Drenthe,0.005923
1801395853354291,Friesland,0.015367
1801395853354291,Gelderland,0.077787
1801395853354291,Groningen,0.045041
1801395853354291,Limburg,0.040067
1801395853354291,North Brabant,0.064934
1801395853354291,Noord-Holland,0.345292
1801395853354291,Utrecht,0.104219
1801395853354291,Zeeland,0.007823
1801395853354291,Zuid-Holland,0.256943
1801395853354291,Overijssel,0.020788
1801395853354291,Flevoland,0.015814
248228383447748,Drenthe,0.009213
248228383447748,Friesland,0.01653
248228383447748,Gelderland,0.064854
248228383447748,Groningen,0.035137
248228383447748,Limburg,0.03744
248228383447748,North Brabant,0.067609
248228383447748,Noord-Holland,0.326077
248228383447748,Utrecht,0.075738
248228383447748,Zeeland,0.009168
248228383447748,Zuid-Holland,0.304986
248228383447748,Overijssel,0.02353
248228383447748,Flevoland,0.029717
148597640424895,Drenthe,0.0075
148597640424895,Friesland,0.016406
148597640424895,Gelderland,0.058281
148597640424895,Groningen,0.036094
148597640424895,Limburg,0.033906
148597640424895,North Brabant,0.056406
148597640424895,Noord-Holland,0.355313
148597640424895,Utrecht,0.084375
148597640424895,Zeeland,0.004844
148597640424895,Zuid-Holland,0.292813
148597640424895,Overijssel,0.023125
148597640424895,Flevoland,0.030938
3304245516343783,Drenthe,0.003419
3304245516343783,Friesland,0.013675
3304245516343783,Gelderland,0.075214
3304245516343783,Groningen,0.038462
3304245516343783,Limburg,0.034188
3304245516343783,North Brabant,0.052991
3304245516343783,Noord-Holland,0.397436
3304245516343783,Utrecht,0.108547
3304245516343783,Zeeland,0.005128
3304245516343783,Zuid-Holland,0.232479
3304245516343783,Overijssel,0.021368
3304245516343783,Flevoland,0.017094
1114835098977559,Drenthe,0.0004
1114835098977559,Friesland,0.005204
1114835098977559,Gelderland,0.092341
1114835098977559,Limburg,0.000667
1114835098977559,North Brabant,0.055244
1114835098977559,Noord-Holland,0.281692
1114835098977559,Utrecht,0.125434
1114835098977559,Zeeland,0.0004
1114835098977559,Zuid-Holland,0.363491
1114835098977559,Overijssel,0.018815
1114835098977559,Flevoland,0.056312
1119236411856090,Gelderland,0.101403
1119236411856090,North Brabant,0.036352
1119236411856090,Noord-Holland,0.315051
1119236411856090,Utrecht,0.15051
1119236411856090,Zuid-Holland,0.30676
1119236411856090,Overijssel,0.015944
1119236411856090,Flevoland,0.070791
1119236411856090,Friesland,0.003189
268279248208506,Gelderland,0.080669
268279248208506,North Brabant,0.046512
268279248208506,Noord-Holland,0.308866
268279248208506,Utrecht,0.146439
268279248208506,Zuid-Holland,0.319404
268279248208506,Overijssel,0.015625
268279248208506,Flevoland,0.077398
268279248208506,Drenthe,0.000727
268279248208506,Friesland,0.003997
268279248208506,Zeeland,0.000363
466409897713482,Drenthe,0.000559
466409897713482,Friesland,0.001677
466409897713482,Gelderland,0.083287
466409897713482,Limburg,0.000559
466409897713482,North Brabant,0.037451
466409897713482,Noord-Holland,0.324203
466409897713482,Utrecht,0.141979
466409897713482,Zuid-Holland,0.313583
466409897713482,Overijssel,0.016769
466409897713482,Flevoland,0.079933
1170100533442600,Friesland,0.002602
1170100533442600,Gelderland,0.072219
1170100533442600,North Brabant,0.039688
1170100533442600,Noord-Holland,0.331165
1170100533442600,Utrecht,0.135329
1170100533442600,Zeeland,0.000651
1170100533442600,Zuid-Holland,0.33637
1170100533442600,Overijssel,0.014314
1170100533442600,Flevoland,0.067014
1170100533442600,Limburg,0.000651
178226563747720,Drenthe,0.000521
178226563747720,Friesland,0.00269
178226563747720,Gelderland,0.072464
178226563747720,Limburg,0.000174
178226563747720,North Brabant,0.038445
178226563747720,Noord-Holland,0.310943
178226563747720,Utrecht,0.148486
178226563747720,Zeeland,8.7E-5
178226563747720,Zuid-Holland,0.341491
178226563747720,Overijssel,0.013278
178226563747720,Flevoland,0.071422
2831160760433035,Drenthe,0.024866
2831160760433035,Friesland,0.026816
2831160760433035,Gelderland,0.085324
2831160760433035,Groningen,0.029254
2831160760433035,Limburg,0.054608
2831160760433035,North Brabant,0.138957
2831160760433035,Noord-Holland,0.222818
2831160760433035,Utrecht,0.05802
2831160760433035,Zeeland,0.026329
2831160760433035,Zuid-Holland,0.264261
2831160760433035,Overijssel,0.044369
2831160760433035,Flevoland,0.024378
209511817578422,Drenthe,0.010484
209511817578422,Friesland,0.025806
209511817578422,Gelderland,0.099194
209511817578422,Groningen,0.052258
209511817578422,Limburg,0.052097
209511817578422,North Brabant,0.088065
209511817578422,Noord-Holland,0.301935
209511817578422,Utrecht,0.106613
209511817578422,Zeeland,0.010323
209511817578422,Zuid-Holland,0.207419
209511817578422,Overijssel,0.034355
209511817578422,Flevoland,0.011452
424828841967169,Drenthe,0.000465
424828841967169,Friesland,0.007445
424828841967169,Gelderland,0.096789
424828841967169,Limburg,0.000465
424828841967169,North Brabant,0.059097
424828841967169,Noord-Holland,0.305724
424828841967169,Utrecht,0.143788
424828841967169,Zuid-Holland,0.30107
424828841967169,Overijssel,0.014425
424828841967169,Flevoland,0.070731
938164930260896,Drenthe,0.000569
938164930260896,Friesland,0.007973
938164930260896,Limburg,0.001139
938164930260896,Gelderland,0.121298
938164930260896,North Brabant,0.067768
938164930260896,Noord-Holland,0.292141
938164930260896,Utrecht,0.149203
938164930260896,Zuid-Holland,0.291002
938164930260896,Overijssel,0.019932
938164930260896,Flevoland,0.048975
2927480417464328,Drenthe,0.010277
2927480417464328,Friesland,0.025469
2927480417464328,Gelderland,0.088472
2927480417464328,Groningen,0.05496
2927480417464328,Limburg,0.048704
2927480417464328,North Brabant,0.077301
2927480417464328,Noord-Holland,0.339589
2927480417464328,Utrecht,0.099643
2927480417464328,Zeeland,0.010277
2927480417464328,Zuid-Holland,0.207328
2927480417464328,Overijssel,0.027256
2927480417464328,Flevoland,0.010724
419318689151465,Limburg,0.000374
419318689151465,Drenthe,0.001495
419318689151465,Friesland,0.004111
419318689151465,Gelderland,0.112855
419318689151465,North Brabant,0.062033
419318689151465,Noord-Holland,0.282885
419318689151465,Utrecht,0.160688
419318689151465,Zuid-Holland,0.294843
419318689151465,Overijssel,0.017937
419318689151465,Flevoland,0.06278
260332812161953,Drenthe,0.01223
260332812161953,Friesland,0.026139
260332812161953,Gelderland,0.090408
260332812161953,Groningen,0.056115
260332812161953,Limburg,0.047962
260332812161953,North Brabant,0.095923
260332812161953,Noord-Holland,0.313429
260332812161953,Utrecht,0.10024
260332812161953,Zeeland,0.01223
260332812161953,Zuid-Holland,0.197842
260332812161953,Overijssel,0.034293
260332812161953,Flevoland,0.013189
171855221104763,Drenthe,0.014756
171855221104763,Friesland,0.025202
171855221104763,Gelderland,0.103421
171855221104763,Groningen,0.055498
171855221104763,Limburg,0.05824
171855221104763,North Brabant,0.102703
171855221104763,Noord-Holland,0.239749
171855221104763,Utrecht,0.094672
171855221104763,Zeeland,0.014625
171855221104763,Zuid-Holland,0.226365
171855221104763,Overijssel,0.045182
171855221104763,Flevoland,0.019587
1064225434078129,Drenthe,0.020299
1064225434078129,Friesland,0.028767
1064225434078129,Gelderland,0.095009
1064225434078129,Groningen,0.045643
1064225434078129,Limburg,0.054231
1064225434078129,North Brabant,0.094889
1064225434078129,Noord-Holland,0.251937
1064225434078129,Utrecht,0.084559
1064225434078129,Zeeland,0.014534
1064225434078129,Zuid-Holland,0.245811
1064225434078129,Overijssel,0.046183
1064225434078129,Flevoland,0.018137
438939783817832,Drenthe,0.017534
438939783817832,Friesland,0.026097
438939783817832,Gelderland,0.0977
438939783817832,Groningen,0.052438
438939783817832,Limburg,0.055701
438939783817832,North Brabant,0.095498
438939783817832,Noord-Holland,0.255831
438939783817832,Utrecht,0.08351
438939783817832,Zeeland,0.01419
438939783817832,Zuid-Holland,0.239928
438939783817832,Overijssel,0.040532
438939783817832,Flevoland,0.021041
858636488291319,Drenthe,0.013207
858636488291319,Friesland,0.015848
858636488291319,Gelderland,0.070787
858636488291319,Groningen,0.026941
858636488291319,Limburg,0.043846
858636488291319,North Brabant,0.096144
858636488291319,Noord-Holland,0.269942
858636488291319,Utrecht,0.058637
858636488291319,Zeeland,0.013735
858636488291319,Zuid-Holland,0.335446
858636488291319,Overijssel,0.033809
858636488291319,Flevoland,0.021659
1422397854778797,Drenthe,0.004869
1422397854778797,Friesland,0.00779
1422397854778797,Gelderland,0.070107
1422397854778797,Groningen,0.069133
1422397854778797,Limburg,0.061344
1422397854778797,North Brabant,0.061344
1422397854778797,Noord-Holland,0.337877
1422397854778797,Utrecht,0.080818
1422397854778797,Zeeland,0.017527
1422397854778797,Zuid-Holland,0.252191
1422397854778797,Overijssel,0.019474
1422397854778797,Flevoland,0.017527
3585900734860514,Drenthe,0.020985
3585900734860514,Friesland,0.027106
3585900734860514,Gelderland,0.099096
3585900734860514,Groningen,0.031186
3585900734860514,Limburg,0.060624
3585900734860514,North Brabant,0.135238
3585900734860514,Noord-Holland,0.215098
3585900734860514,Utrecht,0.068202
3585900734860514,Zeeland,0.023608
3585900734860514,Zuid-Holland,0.252405
3585900734860514,Overijssel,0.046051
3585900734860514,Flevoland,0.020402
415613116386194,Drenthe,0.010629
415613116386194,Friesland,0.024993
415613116386194,Gelderland,0.105429
415613116386194,Groningen,0.045102
415613116386194,Limburg,0.046251
415613116386194,North Brabant,0.12755
415613116386194,Noord-Holland,0.237288
415613116386194,Utrecht,0.099684
415613116386194,Zeeland,0.009193
415613116386194,Zuid-Holland,0.237288
415613116386194,Overijssel,0.036484
415613116386194,Flevoland,0.020109
115964186990840,Overijssel,1
254177109430982,Drenthe,0.293883
254177109430982,Friesland,0.011968
254177109430982,Groningen,0.694149
183711853495427,Zeeland,1
436409737723046,Gelderland,0.177398
436409737723046,Noord-Holland,0.1682
436409737723046,Utrecht,0.043364
436409737723046,Flevoland,0.611038
206246404506426,Drenthe,0.009877
206246404506426,Friesland,0.027984
206246404506426,Gelderland,0.098765
206246404506426,Groningen,0.046091
206246404506426,Limburg,0.042798
206246404506426,North Brabant,0.091358
206246404506426,Noord-Holland,0.249383
206246404506426,Utrecht,0.09465
206246404506426,Zeeland,0.009053
206246404506426,Zuid-Holland,0.251852
206246404506426,Overijssel,0.053498
206246404506426,Flevoland,0.024691
763510534541694,Drenthe,0.016461
763510534541694,Friesland,0.015638
763510534541694,Gelderland,0.079835
763510534541694,Groningen,0.038683
763510534541694,Limburg,0.043621
763510534541694,North Brabant,0.085597
763510534541694,Noord-Holland,0.270782
763510534541694,Utrecht,0.098765
763510534541694,Zeeland,0.007407
763510534541694,Zuid-Holland,0.260082
763510534541694,Overijssel,0.051852
763510534541694,Flevoland,0.031276
213686753580711,Drenthe,0.012392
213686753580711,Friesland,0.01487
213686753580711,Zeeland,0.01487
213686753580711,Overijssel,0.050805
213686753580711,Flevoland,0.023544
213686753580711,Gelderland,0.076828
213686753580711,Groningen,0.049566
213686753580711,Limburg,0.055762
213686753580711,North Brabant,0.078067
213686753580711,Noord-Holland,0.263941
213686753580711,Utrecht,0.107807
213686753580711,Zuid-Holland,0.251549
428682361813789,Drenthe,0.014235
428682361813789,Friesland,0.024911
428682361813789,Gelderland,0.072361
428682361813789,Groningen,0.040332
428682361813789,Limburg,0.05694
428682361813789,North Brabant,0.084223
428682361813789,Noord-Holland,0.275208
428682361813789,Utrecht,0.102017
428682361813789,Zeeland,0.011862
428682361813789,Zuid-Holland,0.243179
428682361813789,Overijssel,0.046263
428682361813789,Flevoland,0.02847
392296348722936,Drenthe,0.014427
392296348722936,Friesland,0.031891
392296348722936,Gelderland,0.107062
392296348722936,Groningen,0.029613
392296348722936,Limburg,0.066819
392296348722936,North Brabant,0.136674
392296348722936,Noord-Holland,0.179195
392296348722936,Utrecht,0.0653
392296348722936,Zeeland,0.020501
392296348722936,Zuid-Holland,0.264237
392296348722936,Overijssel,0.058466
392296348722936,Flevoland,0.025816
179561673855007,Drenthe,0.018902
179561673855007,Friesland,0.028803
179561673855007,Gelderland,0.118812
179561673855007,Groningen,0.032403
179561673855007,Limburg,0.059406
179561673855007,North Brabant,0.132313
179561673855007,Noord-Holland,0.151215
179561673855007,Utrecht,0.076508
179561673855007,Zeeland,0.019802
179561673855007,Zuid-Holland,0.281728
179561673855007,Overijssel,0.055806
179561673855007,Flevoland,0.024302
